-- Seed 50 perfume products with online image URLs
-- Safe to run once on current database.

START TRANSACTION;

INSERT INTO `products`
(`id`, `name`, `slug`, `brand_id`, `category_id`, `description`, `gender`, `concentration`, `price`, `sale_price`, `status`, `created_at`)
VALUES
(1001, 'Dior Homme Intense', 'dior-homme-intense-1001', 1, 1, 'Warm iris and amber for elegant evenings.', 'male', 'EDP', 3450000.00, 3190000.00, 'active', NOW()),
(1002, 'Dior Fahrenheit Le Parfum', 'dior-fahrenheit-le-parfum-1002', 1, 1, 'Leather and vanilla with a bold signature trail.', 'male', 'Parfum', 3650000.00, NULL, 'active', NOW()),
(1003, 'Dior J''adore Infinissime', 'dior-jadore-infinissime-1003', 1, 2, 'Bright floral bouquet with creamy sandalwood.', 'female', 'EDP', 3550000.00, 3290000.00, 'active', NOW()),
(1004, 'Chanel Allure Homme Sport', 'chanel-allure-homme-sport-1004', 2, 1, 'Fresh citrus, tonka and clean musk accord.', 'male', 'EDT', 3250000.00, NULL, 'active', NOW()),
(1005, 'Chanel Chance Eau Tendre', 'chanel-chance-eau-tendre-1005', 2, 2, 'Soft fruity floral, youthful and easy to wear.', 'female', 'EDT', 3390000.00, 3090000.00, 'active', NOW()),
(1006, 'Chanel Gabrielle Essence', 'chanel-gabrielle-essence-1006', 2, 2, 'Radiant white floral with smooth vanilla base.', 'female', 'EDP', 3890000.00, NULL, 'active', NOW()),
(1007, 'Tom Ford Noir Extreme', 'tom-ford-noir-extreme-1007', 3, 1, 'Amber-spicy profile with kulfi dessert accord.', 'male', 'EDP', 5200000.00, NULL, 'active', NOW()),
(1008, 'Tom Ford Black Orchid', 'tom-ford-black-orchid-1008', 3, 3, 'Dark truffle, black orchid and patchouli blend.', 'unisex', 'EDP', 4980000.00, 4590000.00, 'active', NOW()),
(1009, 'Tom Ford Lost Cherry', 'tom-ford-lost-cherry-1009', 3, 3, 'Liqueur cherry wrapped in almond and tonka.', 'unisex', 'EDP', 9200000.00, NULL, 'active', NOW()),
(1010, 'Le Labo Another 13', 'le-labo-another-13-1010', 4, 3, 'Iso e super and ambroxan, clean skin scent.', 'unisex', 'EDP', 6900000.00, NULL, 'active', NOW()),
(1011, 'Le Labo Rose 31', 'le-labo-rose-31-1011', 4, 3, 'Rose with cumin and cedar, modern and edgy.', 'unisex', 'EDP', 7200000.00, 6850000.00, 'active', NOW()),
(1012, 'Le Labo The Noir 29', 'le-labo-the-noir-29-1012', 4, 3, 'Black tea, fig and tobacco in deep woody style.', 'unisex', 'EDP', 7100000.00, NULL, 'active', NOW()),
(1013, 'YSL Libre Intense', 'ysl-libre-intense-1013', 5, 2, 'Lavender and orange blossom with warm vanilla.', 'female', 'EDP Intense', 3550000.00, 3290000.00, 'active', NOW()),
(1014, 'YSL Mon Paris', 'ysl-mon-paris-1014', 5, 2, 'Sweet berry-chypre with romantic floral heart.', 'female', 'EDP', 3350000.00, NULL, 'active', NOW()),
(1015, 'YSL Y Le Parfum', 'ysl-y-le-parfum-1015', 5, 1, 'Dark aromatic woods with crisp apple opening.', 'male', 'Parfum', 3590000.00, NULL, 'active', NOW()),
(1016, 'Versace Dylan Blue', 'versace-dylan-blue-1016', 6, 1, 'Fresh aquatic fougere with incense undertone.', 'male', 'EDT', 2590000.00, 2290000.00, 'active', NOW()),
(1017, 'Versace Bright Crystal', 'versace-bright-crystal-1017', 6, 2, 'Pomegranate and peony in soft musky floral.', 'female', 'EDT', 2450000.00, NULL, 'active', NOW()),
(1018, 'Versace Pour Femme Dylan Purple', 'versace-dylan-purple-1018', 6, 2, 'Citrus pear floral with vibrant modern vibe.', 'female', 'EDP', 2790000.00, NULL, 'active', NOW()),
(1019, 'Armani Code Parfum', 'armani-code-parfum-1019', 7, 1, 'Clean iris and tonka for classy night style.', 'male', 'Parfum', 3290000.00, 2990000.00, 'active', NOW()),
(1020, 'Armani My Way', 'armani-my-way-1020', 7, 2, 'White florals and vanilla, soft feminine trail.', 'female', 'EDP', 3390000.00, NULL, 'active', NOW()),
(1021, 'Armani Stronger With You Intensely', 'armani-stronger-with-you-intensely-1021', 7, 1, 'Sweet amber chestnut with addictive warmth.', 'male', 'EDP', 3190000.00, NULL, 'active', NOW()),
(1022, 'Creed Green Irish Tweed', 'creed-green-irish-tweed-1022', 8, 1, 'Fresh green violet leaf and sandalwood.', 'male', 'EDP', 9900000.00, NULL, 'active', NOW()),
(1023, 'Creed Silver Mountain Water', 'creed-silver-mountain-water-1023', 8, 3, 'Tea-citrus musky scent inspired by alpine air.', 'unisex', 'EDP', 9800000.00, 9390000.00, 'active', NOW()),
(1024, 'Creed Millesime Imperial', 'creed-millesime-imperial-1024', 8, 3, 'Marine fruit notes with salty amber finish.', 'unisex', 'EDP', 10300000.00, NULL, 'active', NOW()),
(1025, 'Dior Miss Dior Blooming Bouquet', 'dior-miss-dior-blooming-bouquet-1025', 1, 2, 'Peony and rose with gentle musk dry-down.', 'female', 'EDT', 3190000.00, 2890000.00, 'active', NOW()),
(1026, 'Dior Homme Cologne', 'dior-homme-cologne-1026', 1, 1, 'Sparkling bergamot with clean musky finish.', 'male', 'EDC', 2790000.00, NULL, 'active', NOW()),
(1027, 'Chanel Egoiste Platinum', 'chanel-egoiste-platinum-1027', 2, 1, 'Aromatic lavender and oakmoss classic profile.', 'male', 'EDT', 3490000.00, NULL, 'active', NOW()),
(1028, 'Chanel Coco Noir', 'chanel-coco-noir-1028', 2, 2, 'Dark rose patchouli, rich elegant character.', 'female', 'EDP', 4190000.00, NULL, 'active', NOW()),
(1029, 'Tom Ford Ombre Leather', 'tom-ford-ombre-leather-1029', 3, 3, 'Leather jasmine and amber in smooth style.', 'unisex', 'EDP', 5450000.00, 4990000.00, 'active', NOW()),
(1030, 'Tom Ford Soleil Blanc', 'tom-ford-soleil-blanc-1030', 3, 3, 'Coconut ylang and amber, sunny luxe scent.', 'unisex', 'EDP', 6150000.00, NULL, 'active', NOW()),
(1031, 'Le Labo Bergamote 22', 'le-labo-bergamote-22-1031', 4, 3, 'Bergamot and vetiver with musky freshness.', 'unisex', 'EDP', 7050000.00, NULL, 'active', NOW()),
(1032, 'Le Labo Patchouli 24', 'le-labo-patchouli-24-1032', 4, 3, 'Smoky birch and patchouli, bold niche aura.', 'unisex', 'EDP', 7350000.00, 6990000.00, 'active', NOW()),
(1033, 'YSL La Nuit De L''Homme', 'ysl-la-nuit-de-lhomme-1033', 5, 1, 'Cardamom cedar and coumarin, date-night scent.', 'male', 'EDT', 2990000.00, NULL, 'active', NOW()),
(1034, 'YSL Black Opium Le Parfum', 'ysl-black-opium-le-parfum-1034', 5, 2, 'Vanilla-rich gourmand with white floral touch.', 'female', 'Le Parfum', 3590000.00, NULL, 'active', NOW()),
(1035, 'Versace Eros Flame', 'versace-eros-flame-1035', 6, 1, 'Citrus pepper and tonka, fiery masculine vibe.', 'male', 'EDP', 2690000.00, 2390000.00, 'active', NOW()),
(1036, 'Versace Crystal Noir', 'versace-crystal-noir-1036', 6, 2, 'Creamy spicy floral with coconut sandalwood.', 'female', 'EDP', 2890000.00, NULL, 'active', NOW()),
(1037, 'Armani Acqua di Gioia', 'armani-acqua-di-gioia-1037', 7, 2, 'Mint lemon and cedar in airy marine style.', 'female', 'EDP', 2950000.00, NULL, 'active', NOW()),
(1038, 'Armani Si Passione', 'armani-si-passione-1038', 7, 2, 'Fruity floral with rose and woody vanilla.', 'female', 'EDP', 3250000.00, 2990000.00, 'active', NOW()),
(1039, 'Creed Carmina', 'creed-carmina-1039', 8, 3, 'Luxe floral amber with cherry and saffron.', 'unisex', 'EDP', 11200000.00, NULL, 'active', NOW()),
(1040, 'Creed Original Vetiver', 'creed-original-vetiver-1040', 8, 3, 'Clean vetiver and citrus for timeless wear.', 'unisex', 'EDP', 9700000.00, NULL, 'active', NOW()),
(1041, 'Dior Addict', 'dior-addict-1041', 1, 2, 'Vanilla-orange blossom with sensual depth.', 'female', 'EDP', 3490000.00, NULL, 'active', NOW()),
(1042, 'Chanel No 5 Eau Premiere', 'chanel-no5-eau-premiere-1042', 2, 2, 'Aldehydic floral made softer and modern.', 'female', 'EDP', 4590000.00, 4290000.00, 'active', NOW()),
(1043, 'Tom Ford Grey Vetiver', 'tom-ford-grey-vetiver-1043', 3, 1, 'Dry citrus vetiver and woods, office signature.', 'male', 'EDP', 4850000.00, NULL, 'active', NOW()),
(1044, 'Le Labo Baie 19', 'le-labo-baie-19-1044', 4, 3, 'Petrichor-inspired musk and juniper freshness.', 'unisex', 'EDP', 6950000.00, NULL, 'active', NOW()),
(1045, 'YSL L''Homme', 'ysl-lhomme-1045', 5, 1, 'Ginger citrus cedar in refined daily profile.', 'male', 'EDT', 2790000.00, NULL, 'active', NOW()),
(1046, 'Versace Man Eau Fraiche', 'versace-man-eau-fraiche-1046', 6, 1, 'Citrus aquatic woody, cool and easy-going.', 'male', 'EDT', 2390000.00, 2190000.00, 'active', NOW()),
(1047, 'Armani Prive Rouge Malachite', 'armani-prive-rouge-malachite-1047', 7, 3, 'Tuberose amber and cashmeran in rich style.', 'unisex', 'EDP', 8400000.00, NULL, 'active', NOW()),
(1048, 'Creed Love In White', 'creed-love-in-white-1048', 8, 2, 'Elegant white floral with powdery soft finish.', 'female', 'EDP', 10500000.00, NULL, 'active', NOW()),
(1049, 'Dior Eau Sauvage Parfum', 'dior-eau-sauvage-parfum-1049', 1, 1, 'Classic citrus aromatic with myrrh depth.', 'male', 'Parfum', 3650000.00, NULL, 'active', NOW()),
(1050, 'Chanel Bleu de Chanel EDT', 'chanel-bleu-de-chanel-edt-1050', 2, 1, 'Grapefruit incense and cedar for modern men.', 'male', 'EDT', 3550000.00, 3290000.00, 'active', NOW());

INSERT INTO `product_images` (`id`, `product_id`, `image_url`, `is_main`) VALUES
(2001, 1001, 'https://source.unsplash.com/1200x1200/?perfume,bottle&sig=1001', 1),
(2002, 1002, 'https://source.unsplash.com/1200x1200/?fragrance,men&sig=1002', 1),
(2003, 1003, 'https://source.unsplash.com/1200x1200/?perfume,women&sig=1003', 1),
(2004, 1004, 'https://source.unsplash.com/1200x1200/?cologne,luxury&sig=1004', 1),
(2005, 1005, 'https://source.unsplash.com/1200x1200/?pink,perfume&sig=1005', 1),
(2006, 1006, 'https://source.unsplash.com/1200x1200/?floral,perfume&sig=1006', 1),
(2007, 1007, 'https://source.unsplash.com/1200x1200/?dark,perfume&sig=1007', 1),
(2008, 1008, 'https://source.unsplash.com/1200x1200/?black,fragrance&sig=1008', 1),
(2009, 1009, 'https://source.unsplash.com/1200x1200/?cherry,perfume&sig=1009', 1),
(2010, 1010, 'https://source.unsplash.com/1200x1200/?minimal,perfume&sig=1010', 1),
(2011, 1011, 'https://source.unsplash.com/1200x1200/?rose,bottle&sig=1011', 1),
(2012, 1012, 'https://source.unsplash.com/1200x1200/?woody,perfume&sig=1012', 1),
(2013, 1013, 'https://source.unsplash.com/1200x1200/?lavender,perfume&sig=1013', 1),
(2014, 1014, 'https://source.unsplash.com/1200x1200/?romantic,fragrance&sig=1014', 1),
(2015, 1015, 'https://source.unsplash.com/1200x1200/?men,parfum&sig=1015', 1),
(2016, 1016, 'https://source.unsplash.com/1200x1200/?blue,cologne&sig=1016', 1),
(2017, 1017, 'https://source.unsplash.com/1200x1200/?crystal,perfume&sig=1017', 1),
(2018, 1018, 'https://source.unsplash.com/1200x1200/?purple,perfume&sig=1018', 1),
(2019, 1019, 'https://source.unsplash.com/1200x1200/?classy,fragrance&sig=1019', 1),
(2020, 1020, 'https://source.unsplash.com/1200x1200/?white,floral,perfume&sig=1020', 1),
(2021, 1021, 'https://source.unsplash.com/1200x1200/?amber,perfume&sig=1021', 1),
(2022, 1022, 'https://source.unsplash.com/1200x1200/?green,perfume&sig=1022', 1),
(2023, 1023, 'https://source.unsplash.com/1200x1200/?mountain,perfume&sig=1023', 1),
(2024, 1024, 'https://source.unsplash.com/1200x1200/?sea,fragrance&sig=1024', 1),
(2025, 1025, 'https://source.unsplash.com/1200x1200/?bouquet,perfume&sig=1025', 1),
(2026, 1026, 'https://source.unsplash.com/1200x1200/?fresh,cologne&sig=1026', 1),
(2027, 1027, 'https://source.unsplash.com/1200x1200/?lavender,cologne&sig=1027', 1),
(2028, 1028, 'https://source.unsplash.com/1200x1200/?night,perfume&sig=1028', 1),
(2029, 1029, 'https://source.unsplash.com/1200x1200/?leather,perfume&sig=1029', 1),
(2030, 1030, 'https://source.unsplash.com/1200x1200/?beach,perfume&sig=1030', 1),
(2031, 1031, 'https://source.unsplash.com/1200x1200/?bergamot,perfume&sig=1031', 1),
(2032, 1032, 'https://source.unsplash.com/1200x1200/?smoky,perfume&sig=1032', 1),
(2033, 1033, 'https://source.unsplash.com/1200x1200/?date,perfume&sig=1033', 1),
(2034, 1034, 'https://source.unsplash.com/1200x1200/?vanilla,perfume&sig=1034', 1),
(2035, 1035, 'https://source.unsplash.com/1200x1200/?flame,perfume&sig=1035', 1),
(2036, 1036, 'https://source.unsplash.com/1200x1200/?gold,perfume&sig=1036', 1),
(2037, 1037, 'https://source.unsplash.com/1200x1200/?aqua,perfume&sig=1037', 1),
(2038, 1038, 'https://source.unsplash.com/1200x1200/?red,perfume&sig=1038', 1),
(2039, 1039, 'https://source.unsplash.com/1200x1200/?niche,perfume&sig=1039', 1),
(2040, 1040, 'https://source.unsplash.com/1200x1200/?vetiver,perfume&sig=1040', 1),
(2041, 1041, 'https://source.unsplash.com/1200x1200/?feminine,perfume&sig=1041', 1),
(2042, 1042, 'https://source.unsplash.com/1200x1200/?iconic,perfume&sig=1042', 1),
(2043, 1043, 'https://source.unsplash.com/1200x1200/?office,perfume&sig=1043', 1),
(2044, 1044, 'https://source.unsplash.com/1200x1200/?rain,perfume&sig=1044', 1),
(2045, 1045, 'https://source.unsplash.com/1200x1200/?classic,cologne&sig=1045', 1),
(2046, 1046, 'https://source.unsplash.com/1200x1200/?summer,perfume&sig=1046', 1),
(2047, 1047, 'https://source.unsplash.com/1200x1200/?luxury,bottle&sig=1047', 1),
(2048, 1048, 'https://source.unsplash.com/1200x1200/?white,perfume&sig=1048', 1),
(2049, 1049, 'https://source.unsplash.com/1200x1200/?retro,perfume&sig=1049', 1),
(2050, 1050, 'https://source.unsplash.com/1200x1200/?blue,perfume&sig=1050', 1);

INSERT INTO `product_variants` (`id`, `product_id`, `volume_ml`, `price`, `stock`) VALUES
(3001, 1001, 100, 3450000.00, 24),
(3002, 1002, 100, 3650000.00, 18),
(3003, 1003, 100, 3550000.00, 30),
(3004, 1004, 100, 3250000.00, 20),
(3005, 1005, 100, 3390000.00, 26),
(3006, 1006, 100, 3890000.00, 14),
(3007, 1007, 100, 5200000.00, 16),
(3008, 1008, 100, 4980000.00, 22),
(3009, 1009, 50, 9200000.00, 8),
(3010, 1010, 100, 6900000.00, 12),
(3011, 1011, 100, 7200000.00, 10),
(3012, 1012, 100, 7100000.00, 9),
(3013, 1013, 90, 3550000.00, 19),
(3014, 1014, 90, 3350000.00, 17),
(3015, 1015, 100, 3590000.00, 21),
(3016, 1016, 100, 2590000.00, 23),
(3017, 1017, 90, 2450000.00, 28),
(3018, 1018, 100, 2790000.00, 25),
(3019, 1019, 100, 3290000.00, 16),
(3020, 1020, 90, 3390000.00, 14),
(3021, 1021, 100, 3190000.00, 20),
(3022, 1022, 100, 9900000.00, 7),
(3023, 1023, 100, 9800000.00, 6),
(3024, 1024, 100, 10300000.00, 6),
(3025, 1025, 100, 3190000.00, 29),
(3026, 1026, 100, 2790000.00, 24),
(3027, 1027, 100, 3490000.00, 13),
(3028, 1028, 100, 4190000.00, 11),
(3029, 1029, 100, 5450000.00, 15),
(3030, 1030, 100, 6150000.00, 12),
(3031, 1031, 100, 7050000.00, 10),
(3032, 1032, 100, 7350000.00, 9),
(3033, 1033, 100, 2990000.00, 26),
(3034, 1034, 90, 3590000.00, 18),
(3035, 1035, 100, 2690000.00, 22),
(3036, 1036, 90, 2890000.00, 20),
(3037, 1037, 100, 2950000.00, 25),
(3038, 1038, 100, 3250000.00, 19),
(3039, 1039, 75, 11200000.00, 5),
(3040, 1040, 100, 9700000.00, 8),
(3041, 1041, 100, 3490000.00, 17),
(3042, 1042, 100, 4590000.00, 12),
(3043, 1043, 100, 4850000.00, 15),
(3044, 1044, 100, 6950000.00, 10),
(3045, 1045, 100, 2790000.00, 24),
(3046, 1046, 100, 2390000.00, 27),
(3047, 1047, 100, 8400000.00, 6),
(3048, 1048, 75, 10500000.00, 5),
(3049, 1049, 100, 3650000.00, 13),
(3050, 1050, 100, 3550000.00, 21);

COMMIT;
